{"1": ["static/img/hpit-443_hpit_443_01_800x800.jpg"], "2": ["static/img/MSI_GTX_1050Ti_GAMING_X_4G_intro_770.jpg", "static/img/0425671_6.JPG", "static/img/msi_gtx_1050_ti_gaming_4g_images_1770928937.jpg"], "3": ["static/img/bda07b26_5.png"], "4": ["static/img/5f801ab811c2f7c34ae2881e37d18099.jpg"], "5": ["static/img/CP3AFAM_184826_800x800.jpg"], "6": ["static/img/0318568_2.JPG"], "7": ["static/img/s3-logo.jpg"], "8": ["static/img/kuler_dlya_protsessora_pccooler_gi_x5r_blue_818635_1.jpg"], "9": ["static/img/71oaRtQV56L._SX425_.jpg", "static/img/sm.00_logo.800.jpg", "static/img/02-nzxt-kraken-x72.jpg"], "11": ["static/img/DSC00897.JPG"], "12": ["static/img/korpus-deepcool-matrexx-55-black-4.jpg"]}